{
  "target": "Gaia DR3 5870569352746778624",
  "fallback": {
    "source_id": 5870569352746778624,
    "ra": 207.56971494177265,
    "dec": -59.23900523844159,
    "l": 310.403,
    "b": 2.777,
    "parallax": 0.672,
    "parallax_error": 0.104,
    "distance_pc": 1488.0,
    "G": 12.277,
    "BP": 12.965,
    "RP": 11.472,
    "BP_RP": 1.493,
    "teff_gspphot": 4832.0,
    "logg_gspphot": 3.255,
    "rv_km_s": -5.04,
    "rv_err": 2.08,
    "ruwe": 9.221,
    "en_sig": 1762.4,
    "period_d": 1352.29,
    "period_err": 45.47,
    "eccentricity": 0.532,
    "ecc_err": 0.015,
    "significance": 39.85,
    "gof": 3.07,
    "M1_msun": 1.04,
    "M2_msun": 12.55,
    "sol_type": "AstroSpectroSB1",
    "mass_type": "true",
    "score": 75,
    "category": "BH"
  }
}