{
  "baseline": {
    "median": 12.517017232357592,
    "p16": 8.536024091659629,
    "p84": 19.83504757541515,
    "P_BH_5": 0.9960758587309143,
    "P_BH_10": 0.7133856818845479
  },
  "M1_sweep": {
    "0.5": {
      "median": 11.626063507273185,
      "P_BH_5": 0.9868496317896901,
      "P_BH_10": 0.6353917909701472
    },
    "0.7": {
      "median": 11.97248884942083,
      "P_BH_5": 0.9917977703375694,
      "P_BH_10": 0.6652546271295596
    },
    "0.9": {
      "median": 12.313432490049557,
      "P_BH_5": 0.9949538587080439,
      "P_BH_10": 0.6958294832255303
    },
    "1.04": {
      "median": 12.54315240618449,
      "P_BH_5": 0.9962998963970991,
      "P_BH_10": 0.7148440156324377
    },
    "1.2": {
      "median": 12.79558373005593,
      "P_BH_5": 0.997601904076163,
      "P_BH_10": 0.7362854514180567
    },
    "1.5": {
      "median": 13.263936828425063,
      "P_BH_5": 0.9987399319563256,
      "P_BH_10": 0.7731557504105222
    },
    "2.0": {
      "median": 13.983378555299414,
      "P_BH_5": 0.9996479873275438,
      "P_BH_10": 0.8260917393026149
    }
  },
  "parallax_inflated": {
    "inflation_factor": 1.5,
    "plx_err_inflated": 0.156,
    "median": 12.543058384656815,
    "p16": 7.339496591261966,
    "p84": 25.620893146411795,
    "P_BH_5": 0.9698468117137389,
    "P_BH_10": 0.6515146661968786
  },
  "parallax_sweep": {
    "plx=0.880": {
      "distance_pc": 1136.3636363636363,
      "M1_est": 1.04,
      "note": "M1 from GSP-Phot, not distance-dependent for giants"
    },
    "plx=0.776": {
      "distance_pc": 1288.659793814433,
      "M1_est": 1.04,
      "note": "M1 from GSP-Phot, not distance-dependent for giants"
    },
    "plx=0.672": {
      "distance_pc": 1488.095238095238,
      "M1_est": 1.04,
      "note": "M1 from GSP-Phot, not distance-dependent for giants"
    },
    "plx=0.568": {
      "distance_pc": 1760.56338028169,
      "M1_est": 1.04,
      "note": "M1 from GSP-Phot, not distance-dependent for giants"
    },
    "plx=0.464": {
      "distance_pc": 2155.1724137931033,
      "M1_est": 1.04,
      "note": "M1 from GSP-Phot, not distance-dependent for giants"
    }
  },
  "BH_threshold_sweep": {
    "3.0": 1.0,
    "5.0": 0.9960758587309143,
    "7.0": 0.9419499101967671,
    "10.0": 0.7133856818845479,
    "12.0": 0.5407134656847646,
    "15.0": 0.33991623698453144,
    "20.0": 0.15596561476213144,
    "25.0": 0.07603873739454621,
    "30.0": 0.04048345740446656
  }
}